{"cameraMode":{"drawMode":0,"name":"Shaded","section":"Shading Mode"},"sceneLighting":false,"audioPlay":false,"sceneViewState":{"m_AlwaysRefresh":false,"showFog":true,"showSkybox":false,"showFlares":true,"showImageEffects":true,"showParticleSystems":true,"showVisualEffectGraphs":true,"m_FxEnabled":true},"in2DMode":false,"pivot":{"x":2.3040342330932619,"y":1.1401340961456299,"z":-3.6250765323638918},"rotation":{"x":0.00393262505531311,"y":0.8267369866371155,"z":-0.0056803468614816669,"w":0.5626794099807739},"size":1.2339746952056885,"orthographic":false}