{"cameraMode":{"drawMode":0,"name":"Shaded","section":"Shading Mode"},"sceneLighting":false,"audioPlay":false,"sceneViewState":{"m_AlwaysRefresh":false,"showFog":true,"showSkybox":false,"showFlares":true,"showImageEffects":true,"showParticleSystems":true,"showVisualEffectGraphs":true,"m_FxEnabled":true},"in2DMode":false,"pivot":{"x":468.2508544921875,"y":208.98187255859376,"z":0.674424946308136},"rotation":{"x":-0.04161017760634422,"y":0.0646960511803627,"z":-0.0026984333526343109,"w":-0.9970396757125855},"size":0.5499938726425171,"orthographic":false}