{"cameraMode":{"drawMode":0,"name":"Shaded","section":"Shading Mode"},"sceneLighting":false,"audioPlay":false,"sceneViewState":{"m_AlwaysRefresh":false,"showFog":true,"showSkybox":false,"showFlares":true,"showImageEffects":true,"showParticleSystems":true,"showVisualEffectGraphs":true,"m_FxEnabled":true},"in2DMode":false,"pivot":{"x":468.2334289550781,"y":208.6620330810547,"z":0.595089852809906},"rotation":{"x":-0.18995483219623567,"y":0.07678501307964325,"z":-0.014902222901582718,"w":-0.9786785244941711},"size":0.5499938726425171,"orthographic":false}