{"cameraMode":{"drawMode":0,"name":"Shaded","section":"Shading Mode"},"sceneLighting":false,"audioPlay":false,"sceneViewState":{"m_AlwaysRefresh":false,"showFog":true,"showSkybox":false,"showFlares":true,"showImageEffects":true,"showParticleSystems":true,"showVisualEffectGraphs":true,"m_FxEnabled":true},"in2DMode":false,"pivot":{"x":457.0811462402344,"y":208.8267059326172,"z":-0.08560895919799805},"rotation":{"x":-0.02998555451631546,"y":0.005991685204207897,"z":0.00015928520588204265,"w":0.9995479583740234},"size":0.2660253643989563,"orthographic":false}