{"cameraMode":{"drawMode":0,"name":"Shaded","section":"Shading Mode"},"sceneLighting":false,"audioPlay":false,"sceneViewState":{"showFog":true,"showMaterialUpdate":false,"showSkybox":false,"showFlares":true,"showImageEffects":true,"showParticleSystems":true,"showVisualEffectGraphs":true,"m_FxEnabled":true},"in2DMode":false,"pivot":{"x":-0.014037750661373139,"y":0.07997068762779236,"z":0.005908500403165817},"rotation":{"x":0.2689542770385742,"y":-0.4231816232204437,"z":0.13318157196044923,"w":0.8549418449401856},"size":0.13133828341960908,"orthographic":false}