{"cameraMode":{"drawMode":0,"name":"Shaded","section":"Shading Mode"},"sceneLighting":true,"audioPlay":false,"sceneViewState":{"m_AlwaysRefresh":false,"showFog":true,"showSkybox":true,"showFlares":true,"showImageEffects":true,"showParticleSystems":true,"showVisualEffectGraphs":true,"m_FxEnabled":true},"in2DMode":false,"pivot":{"x":0.7246418595314026,"y":1.0114853382110596,"z":0.6615097522735596},"rotation":{"x":0.21161293983459474,"y":-0.07761142402887345,"z":0.01685948669910431,"w":0.9741264581680298},"size":0.5274028182029724,"orthographic":false}