{"cameraMode":{"drawMode":0,"name":"Shaded","section":"Shading Mode"},"sceneLighting":true,"audioPlay":false,"sceneViewState":{"m_AlwaysRefresh":false,"showFog":true,"showSkybox":true,"showFlares":true,"showImageEffects":true,"showParticleSystems":true,"showVisualEffectGraphs":true,"m_FxEnabled":true},"in2DMode":false,"pivot":{"x":0.9919520616531372,"y":1.3626221418380738,"z":1.7259986400604249},"rotation":{"x":-0.023386850953102113,"y":0.009891916997730732,"z":0.0002301132190041244,"w":0.9996886253356934},"size":0.8660253882408142,"orthographic":false}