{"cameraMode":{"drawMode":0,"name":"Shaded","section":"Shading Mode"},"sceneLighting":true,"audioPlay":false,"sceneViewState":{"m_AlwaysRefresh":false,"showFog":true,"showSkybox":true,"showFlares":true,"showImageEffects":true,"showParticleSystems":true,"showVisualEffectGraphs":true,"m_FxEnabled":true},"in2DMode":false,"pivot":{"x":0.35483866930007937,"y":1.0874676704406739,"z":1.1950901746749879},"rotation":{"x":-0.21805346012115479,"y":0.20064179599285127,"z":-0.04586092755198479,"w":-0.9539891481399536},"size":0.2273755669593811,"orthographic":false}