{"cameraMode":{"drawMode":0,"name":"Shaded","section":"Shading Mode"},"sceneLighting":true,"audioPlay":false,"sceneViewState":{"m_AlwaysRefresh":false,"showFog":true,"showSkybox":true,"showFlares":true,"showImageEffects":true,"showParticleSystems":true,"showVisualEffectGraphs":true,"m_FxEnabled":true},"in2DMode":false,"pivot":{"x":0.37781235575675967,"y":0.5268073678016663,"z":0.7815541625022888},"rotation":{"x":0.40854889154434206,"y":-0.013694999739527703,"z":0.00613108417019248,"w":0.9126225113868713},"size":0.5274028182029724,"orthographic":false}