{"cameraMode":{"drawMode":0,"name":"Shaded","section":"Shading Mode"},"sceneLighting":false,"audioPlay":false,"sceneViewState":{"m_AlwaysRefresh":false,"showFog":true,"showSkybox":false,"showFlares":true,"showImageEffects":true,"showParticleSystems":true,"showVisualEffectGraphs":true,"m_FxEnabled":true},"in2DMode":false,"pivot":{"x":120.11387634277344,"y":0.16775131225585938,"z":147.45458984375},"rotation":{"x":0.015969865024089814,"y":0.9451954960823059,"z":-0.3228131830692291,"w":0.04686750844120979},"size":18.159313201904298,"orthographic":false}