{"cameraMode":{"drawMode":0,"name":"Shaded","section":"Shading Mode"},"sceneLighting":false,"audioPlay":false,"sceneViewState":{"m_AlwaysRefresh":false,"showFog":true,"showSkybox":false,"showFlares":true,"showImageEffects":true,"showParticleSystems":true,"showVisualEffectGraphs":true,"m_FxEnabled":true},"in2DMode":false,"pivot":{"x":405.20355224609377,"y":209.01612854003907,"z":-0.42532750964164736},"rotation":{"x":0.0037830499932169916,"y":-0.9750579595565796,"z":-0.016665123403072358,"w":-0.2213304489850998},"size":0.36697155237197878,"orthographic":false}