{"cameraMode":{"drawMode":0,"name":"Shaded","section":"Shading Mode"},"sceneLighting":false,"audioPlay":false,"sceneViewState":{"showFog":true,"showMaterialUpdate":false,"showSkybox":false,"showFlares":true,"showImageEffects":true,"showParticleSystems":true,"showVisualEffectGraphs":true,"m_FxEnabled":true},"in2DMode":false,"pivot":{"x":0.00020940974354743958,"y":0.061097145080566409,"z":4.949999809265137},"rotation":{"x":0.08681033551692963,"y":-0.5031124353408814,"z":0.050919171422719958,"w":0.8583899736404419},"size":5.102229118347168,"orthographic":false}