{"cameraMode":{"drawMode":0,"name":"Shaded","section":"Shading Mode"},"sceneLighting":false,"audioPlay":false,"sceneViewState":{"showFog":true,"showMaterialUpdate":false,"showSkybox":false,"showFlares":true,"showImageEffects":true,"showParticleSystems":true,"showVisualEffectGraphs":true,"m_FxEnabled":true},"in2DMode":false,"pivot":{"x":1.8799999952316285,"y":1.590000033378601,"z":2.2611770629882814},"rotation":{"x":0.10449530929327011,"y":-0.25427350401878359,"z":0.027687452733516694,"w":0.9611143469810486},"size":1.4260027408599854,"orthographic":false}