{"cameraMode":{"drawMode":0,"name":"Shaded","section":"Shading Mode"},"sceneLighting":false,"audioPlay":false,"sceneViewState":{"m_AlwaysRefresh":false,"showFog":true,"showSkybox":false,"showFlares":true,"showImageEffects":true,"showParticleSystems":true,"showVisualEffectGraphs":true,"m_FxEnabled":true},"in2DMode":false,"pivot":{"x":456.9476623535156,"y":209.00479125976563,"z":0.00447314977645874},"rotation":{"x":-0.03270028531551361,"y":-0.014694462530314923,"z":0.0004808589874301106,"w":-0.9993604421615601},"size":0.2660253643989563,"orthographic":false}