{"cameraMode":{"drawMode":0,"name":"Shaded","section":"Shading Mode"},"sceneLighting":false,"audioPlay":false,"sceneViewState":{"m_AlwaysRefresh":false,"showFog":true,"showSkybox":false,"showFlares":true,"showImageEffects":true,"showParticleSystems":true,"showVisualEffectGraphs":true,"m_FxEnabled":true},"in2DMode":false,"pivot":{"x":404.9287414550781,"y":208.90052795410157,"z":-0.09151698648929596},"rotation":{"x":-0.12174642086029053,"y":0.8222399353981018,"z":-0.19183684885501862,"w":-0.5218237638473511},"size":0.32001879811286929,"orthographic":false}