{"cameraMode":{"drawMode":0,"name":"Shaded","section":"Shading Mode"},"sceneLighting":false,"audioPlay":false,"sceneViewState":{"showFog":true,"showMaterialUpdate":false,"showSkybox":false,"showFlares":true,"showImageEffects":true,"showParticleSystems":true,"showVisualEffectGraphs":true,"m_FxEnabled":true},"in2DMode":false,"pivot":{"x":627.481201171875,"y":353.0091552734375,"z":0.17051315307617188},"rotation":{"x":-0.07063281536102295,"y":0.05805520713329315,"z":-0.0040991418063640598,"w":-0.9958235621452332},"size":0.3057933449745178,"orthographic":false}