{"cameraMode":{"drawMode":0,"name":"Shaded","section":"Shading Mode"},"sceneLighting":false,"audioPlay":false,"sceneViewState":{"showFog":true,"showMaterialUpdate":false,"showSkybox":false,"showFlares":true,"showImageEffects":true,"showParticleSystems":true,"showVisualEffectGraphs":true,"m_FxEnabled":true},"in2DMode":false,"pivot":{"x":0.004488583654165268,"y":0.07997068762779236,"z":0.0074591562151908878},"rotation":{"x":-0.2857559025287628,"y":0.011242569424211979,"z":-0.003368532285094261,"w":-0.9582528471946716},"size":0.14505138993263246,"orthographic":false}