{"cameraMode":{"drawMode":0,"name":"Shaded","section":"Shading Mode"},"sceneLighting":false,"audioPlay":false,"sceneViewState":{"m_AlwaysRefresh":false,"showFog":true,"showSkybox":false,"showFlares":true,"showImageEffects":true,"showParticleSystems":true,"showVisualEffectGraphs":true,"m_FxEnabled":true},"in2DMode":false,"pivot":{"x":404.8311462402344,"y":208.91384887695313,"z":0.28684404492378237},"rotation":{"x":0.0037830499932169916,"y":-0.9750579595565796,"z":-0.016665123403072358,"w":-0.2213304489850998},"size":0.020049333572387697,"orthographic":false}