{"cameraMode":{"drawMode":0,"name":"Shaded","section":"Shading Mode"},"sceneLighting":false,"audioPlay":false,"sceneViewState":{"showFog":true,"showMaterialUpdate":false,"showSkybox":false,"showFlares":true,"showImageEffects":true,"showParticleSystems":true,"showVisualEffectGraphs":true,"m_FxEnabled":true},"in2DMode":false,"pivot":{"x":558.9413452148438,"y":314.56353759765627,"z":0.0977301299571991},"rotation":{"x":0.1144876703619957,"y":0.13454020023345948,"z":-0.015657581388950349,"w":0.9841780662536621},"size":0.2569405436515808,"orthographic":false}