{"cameraMode":{"drawMode":0,"name":"Shaded","section":"Shading Mode"},"sceneLighting":false,"audioPlay":false,"sceneViewState":{"showFog":true,"showMaterialUpdate":false,"showSkybox":false,"showFlares":true,"showImageEffects":true,"showParticleSystems":true,"showVisualEffectGraphs":true,"m_FxEnabled":true},"in2DMode":false,"pivot":{"x":-393.2765808105469,"y":-305.3997497558594,"z":167.20362854003907},"rotation":{"x":0.10449530929327011,"y":-0.25427350401878359,"z":0.027687452733516694,"w":0.9611143469810486},"size":2.2769687175750734,"orthographic":false}