{"cameraMode":{"drawMode":0,"name":"Shaded","section":"Shading Mode"},"sceneLighting":false,"audioPlay":false,"sceneViewState":{"m_AlwaysRefresh":false,"showFog":true,"showSkybox":false,"showFlares":true,"showImageEffects":true,"showParticleSystems":true,"showVisualEffectGraphs":true,"m_FxEnabled":true},"in2DMode":false,"pivot":{"x":468.0926818847656,"y":208.96766662597657,"z":0.30879437923431399},"rotation":{"x":0.02899065613746643,"y":-0.08955010026693344,"z":0.002591477008536458,"w":0.9955763220787048},"size":0.36698490381240847,"orthographic":false}