{"cameraMode":{"drawMode":0,"name":"Shaded","section":"Shading Mode"},"sceneLighting":true,"audioPlay":false,"sceneViewState":{"showFog":true,"showMaterialUpdate":false,"showSkybox":true,"showFlares":true,"showImageEffects":true,"showParticleSystems":true,"showVisualEffectGraphs":true,"m_FxEnabled":true},"in2DMode":false,"pivot":{"x":0.23086191713809968,"y":1.5745303630828858,"z":0.5821943879127502},"rotation":{"x":0.0018087339121848345,"y":0.011351484805345536,"z":0.00001828304630180355,"w":0.9999777674674988},"size":0.13578325510025025,"orthographic":false}