{"cameraMode":{"drawMode":0,"name":"Shaded","section":"Shading Mode"},"sceneLighting":true,"audioPlay":false,"sceneViewState":{"showFog":true,"showMaterialUpdate":false,"showSkybox":true,"showFlares":true,"showImageEffects":true,"showParticleSystems":true},"in2DMode":false,"pivot":{"x":18.888330459594728,"y":9.585936546325684,"z":-6.687341690063477},"rotation":{"x":0.0008325059316121042,"y":0.9942719340324402,"z":-0.007765019312500954,"w":0.10659464448690415},"size":15.529693603515625,"orthographic":false}