{"cameraMode":{"drawMode":0,"name":"Shaded","section":"Shading Mode"},"sceneLighting":false,"audioPlay":false,"sceneViewState":{"showFog":true,"showMaterialUpdate":false,"showSkybox":true,"showFlares":true,"showImageEffects":true,"showParticleSystems":true},"in2DMode":false,"pivot":{"x":2.5475013256073,"y":298.79473876953127,"z":0.015357494354248047},"rotation":{"x":-0.004809022881090641,"y":-0.00961036141961813,"z":-0.000054477888625115156,"w":-0.9999906420707703},"size":2.4581615924835207,"orthographic":false}