{"cameraMode":{"drawMode":0,"name":"Shaded","section":"Shading Mode"},"sceneLighting":false,"audioPlay":false,"sceneViewState":{"showFog":true,"showMaterialUpdate":false,"showSkybox":true,"showFlares":true,"showImageEffects":true,"showParticleSystems":true},"in2DMode":false,"pivot":{"x":455.544189453125,"y":255.8649444580078,"z":0.0025606155395507814},"rotation":{"x":-0.00030984869226813316,"y":0.014390424825251103,"z":0.00007042715878924355,"w":-0.9999401569366455},"size":3.750619649887085,"orthographic":false}