{"cameraMode":{"drawMode":0,"name":"Shaded","section":"Shading Mode"},"sceneLighting":false,"audioPlay":false,"sceneViewState":{"showFog":true,"showMaterialUpdate":false,"showSkybox":true,"showFlares":true,"showImageEffects":true,"showParticleSystems":true},"in2DMode":false,"pivot":{"x":3.9142956733703615,"y":-0.780842661857605,"z":1.1813688278198243},"rotation":{"x":-0.03924410790205002,"y":-0.051545917987823489,"z":0.002104190643876791,"w":-0.9979395270347595},"size":16.56376838684082,"orthographic":false}