{"cameraMode":{"drawMode":0,"name":"Shaded","section":"Shading Mode"},"sceneLighting":false,"audioPlay":false,"sceneViewState":{"showFog":true,"showMaterialUpdate":false,"showSkybox":true,"showFlares":true,"showImageEffects":true,"showParticleSystems":true},"in2DMode":false,"pivot":{"x":-374.4082336425781,"y":-299.9017333984375,"z":165.0255126953125},"rotation":{"x":0.06326858699321747,"y":-0.0015005061868578196,"z":0.00007570133311673999,"w":0.9980165362358093},"size":5.332612991333008,"orthographic":false}