{"cameraMode":{"drawMode":0,"name":"Shaded","section":"Shading Mode"},"sceneLighting":false,"audioPlay":false,"sceneViewState":{"showFog":true,"showMaterialUpdate":false,"showSkybox":true,"showFlares":true,"showImageEffects":true,"showParticleSystems":true},"in2DMode":false,"pivot":{"x":-1.8166757822036744,"y":0.25035524368286135,"z":-2.1850223541259767},"rotation":{"x":0.07778210937976837,"y":-0.1062602773308754,"z":0.008377792313694954,"w":0.991313099861145},"size":9.336481094360352,"orthographic":false}