{"cameraMode":{"drawMode":0,"name":"Shaded","section":"Shading Mode"},"sceneLighting":false,"audioPlay":false,"sceneViewState":{"showFog":true,"showMaterialUpdate":false,"showSkybox":true,"showFlares":true,"showImageEffects":true,"showParticleSystems":true},"in2DMode":false,"pivot":{"x":267.73101806640627,"y":149.10699462890626,"z":0.0},"rotation":{"x":0.012308402918279171,"y":0.008998734876513482,"z":-0.00014526954328175634,"w":0.9999132752418518},"size":186.72552490234376,"orthographic":false}