{"cameraMode":{"drawMode":0,"name":"Shaded","section":"Shading Mode"},"sceneLighting":false,"audioPlay":false,"sceneViewState":{"showFog":true,"showMaterialUpdate":false,"showSkybox":true,"showFlares":true,"showImageEffects":true,"showParticleSystems":true},"in2DMode":false,"pivot":{"x":0.9161891341209412,"y":-0.35315895080566409,"z":1.2892179489135743},"rotation":{"x":-0.27258580923080447,"y":0.03979877009987831,"z":-0.011296306736767292,"w":-0.9612963199615479},"size":8.605735778808594,"orthographic":false}