{"cameraMode":{"drawMode":0,"name":"Shaded","section":"Shading Mode"},"sceneLighting":false,"audioPlay":false,"sceneViewState":{"showFog":true,"showMaterialUpdate":false,"showSkybox":true,"showFlares":true,"showImageEffects":true,"showParticleSystems":true},"in2DMode":false,"pivot":{"x":-3.573565721511841,"y":-1.8245055675506592,"z":-0.3010692596435547},"rotation":{"x":-0.042151547968387607,"y":0.0817205160856247,"z":-0.0035122744739055635,"w":-0.9958035945892334},"size":18.449079513549806,"orthographic":false}