{"cameraMode":{"drawMode":0,"name":"Shaded","section":"Shading Mode"},"sceneLighting":true,"audioPlay":false,"sceneViewState":{"showFog":true,"showMaterialUpdate":false,"showSkybox":true,"showFlares":true,"showImageEffects":true,"showParticleSystems":true},"in2DMode":false,"pivot":{"x":475.79925537109377,"y":99.70556640625,"z":-5.165771484375},"rotation":{"x":0.07673323899507523,"y":-0.0059869540855288509,"z":0.0004606075817719102,"w":0.9970362186431885},"size":616.6629638671875,"orthographic":false}