{"cameraMode":{"drawMode":0,"name":"Shaded","section":"Shading Mode"},"sceneLighting":false,"audioPlay":false,"sceneViewState":{"showFog":true,"showMaterialUpdate":false,"showSkybox":true,"showFlares":true,"showImageEffects":true,"showParticleSystems":true},"in2DMode":false,"pivot":{"x":-0.0007355213165283203,"y":0.0003628730773925781,"z":0.0},"rotation":{"x":0.245374858379364,"y":-0.10183557122945786,"z":0.025989284738898279,"w":0.9637742638587952},"size":11.819134712219239,"orthographic":false}