{"cameraMode":{"drawMode":0,"name":"Shaded","section":"Shading Mode"},"sceneLighting":false,"audioPlay":false,"sceneViewState":{"showFog":true,"showMaterialUpdate":false,"showSkybox":true,"showFlares":true,"showImageEffects":true,"showParticleSystems":true},"in2DMode":false,"pivot":{"x":2.555631637573242,"y":613.0532836914063,"z":-0.0038785934448242189},"rotation":{"x":0.011691595427691937,"y":-0.002110485453158617,"z":0.00004977162097929977,"w":-0.9999732375144959},"size":2.974915027618408,"orthographic":false}