{"cameraMode":{"drawMode":0,"name":"Shaded","section":"Shading Mode"},"sceneLighting":true,"audioPlay":false,"sceneViewState":{"showFog":true,"showMaterialUpdate":false,"showSkybox":true,"showFlares":true,"showImageEffects":true,"showParticleSystems":true},"in2DMode":false,"pivot":{"x":-8.200952529907227,"y":0.061543941497802737,"z":-232.50955200195313},"rotation":{"x":0.07972472161054611,"y":-0.0029952952172607185,"z":0.00023929437156766653,"w":0.9968144297599793},"size":5.2833991050720219,"orthographic":false}