{"cameraMode":{"drawMode":0,"name":"Shaded","section":"Shading Mode"},"sceneLighting":false,"audioPlay":false,"sceneViewState":{"showFog":true,"showMaterialUpdate":false,"showSkybox":true,"showFlares":true,"showImageEffects":true,"showParticleSystems":true},"in2DMode":false,"pivot":{"x":0.387165904045105,"y":1.1007850170135499,"z":0.5504226684570313},"rotation":{"x":0.15829168260097505,"y":-0.06539526581764221,"z":0.010565642267465592,"w":0.985226571559906},"size":8.12160587310791,"orthographic":false}