{"cameraMode":{"drawMode":0,"name":"Shaded","section":"Shading Mode"},"sceneLighting":false,"audioPlay":false,"sceneViewState":{"showFog":true,"showMaterialUpdate":false,"showSkybox":true,"showFlares":true,"showImageEffects":true,"showParticleSystems":true},"in2DMode":false,"pivot":{"x":0.5262451171875,"y":-1.9388885498046876,"z":-3.7980000972747804},"rotation":{"x":0.07521919906139374,"y":0.3300822675228119,"z":-0.026427937671542169,"w":0.9406101703643799},"size":10.617799758911133,"orthographic":false}