{"cameraMode":{"drawMode":0,"name":"Shaded","section":"Shading Mode"},"sceneLighting":false,"audioPlay":false,"sceneViewState":{"showFog":true,"showMaterialUpdate":false,"showSkybox":true,"showFlares":true,"showImageEffects":true,"showParticleSystems":true},"in2DMode":false,"pivot":{"x":-0.2868461012840271,"y":0.9792309403419495,"z":0.03175640106201172},"rotation":{"x":-0.04077771678566933,"y":-0.030577363446354867,"z":0.0013269464252516628,"w":-0.9987421631813049},"size":4.462693691253662,"orthographic":false}