{"cameraMode":{"drawMode":0,"name":"Shaded","section":"Shading Mode"},"sceneLighting":true,"audioPlay":false,"sceneViewState":{"showFog":true,"showMaterialUpdate":false,"showSkybox":true,"showFlares":true,"showImageEffects":true,"showParticleSystems":true},"in2DMode":false,"pivot":{"x":-5.075281620025635,"y":2.1250271797180177,"z":1.44852614402771},"rotation":{"x":0.22335073351860047,"y":-0.02396034076809883,"z":0.005567333195358515,"w":0.9744927287101746},"size":4.863040924072266,"orthographic":false}