{"cameraMode":{"drawMode":0,"name":"Shaded","section":"Shading Mode"},"sceneLighting":true,"audioPlay":false,"sceneViewState":{"showFog":true,"showMaterialUpdate":false,"showSkybox":true,"showFlares":true,"showImageEffects":true,"showParticleSystems":true},"in2DMode":false,"pivot":{"x":8.737481117248536,"y":1.9360036849975587,"z":-12.426494598388672},"rotation":{"x":-0.22189263999462129,"y":0.5705087780952454,"z":-0.16363504528999329,"w":-0.7736960053443909},"size":11.507614135742188,"orthographic":false}