{"cameraMode":{"drawMode":0,"name":"Shaded","section":"Shading Mode"},"sceneLighting":false,"audioPlay":false,"sceneViewState":{"showFog":true,"showMaterialUpdate":false,"showSkybox":false,"showFlares":true,"showImageEffects":true,"showParticleSystems":true},"in2DMode":false,"pivot":{"x":570.2249755859375,"y":339.7140808105469,"z":-30.7620849609375},"rotation":{"x":-0.21894586086273194,"y":0.025768639519810678,"z":-0.005780954845249653,"w":-0.9753881692886353},"size":250.75030517578126,"orthographic":false}