{"cameraMode":{"drawMode":0,"name":"Shaded","section":"Shading Mode"},"sceneLighting":false,"audioPlay":false,"sceneViewState":{"showFog":true,"showMaterialUpdate":false,"showSkybox":true,"showFlares":true,"showImageEffects":true,"showParticleSystems":true},"in2DMode":false,"pivot":{"x":2.890944242477417,"y":314.5345458984375,"z":0.023360729217529298},"rotation":{"x":0.015307952649891377,"y":0.00839786697179079,"z":-0.000046722856495762244,"w":0.9999117851257324},"size":3.049686908721924,"orthographic":false}