{"cameraMode":{"drawMode":0,"name":"Shaded","section":"Shading Mode"},"sceneLighting":false,"audioPlay":false,"sceneViewState":{"showFog":true,"showMaterialUpdate":false,"showSkybox":true,"showFlares":true,"showImageEffects":true,"showParticleSystems":true},"in2DMode":false,"pivot":{"x":-1.0262624025344849,"y":0.2121889740228653,"z":0.3337125778198242},"rotation":{"x":-0.010808847844600678,"y":-0.0036166042555123569,"z":-0.000005453184257930843,"w":-0.9999805092811585},"size":10.44497299194336,"orthographic":false}