{"cameraMode":{"drawMode":0,"name":"Shaded","section":"Shading Mode"},"sceneLighting":false,"audioPlay":false,"sceneViewState":{"showFog":true,"showMaterialUpdate":false,"showSkybox":true,"showFlares":true,"showImageEffects":true,"showParticleSystems":true},"in2DMode":false,"pivot":{"x":1.7368359565734864,"y":-0.38416969776153567,"z":1.288853645324707},"rotation":{"x":-0.02730489894747734,"y":0.014387335628271103,"z":-0.00031602889066562057,"w":-0.9995658993721008},"size":13.553295135498047,"orthographic":false}