{"cameraMode":{"drawMode":0,"name":"Shaded","section":"Shading Mode"},"sceneLighting":false,"audioPlay":false,"sceneViewState":{"showFog":true,"showMaterialUpdate":false,"showSkybox":true,"showFlares":true,"showImageEffects":true,"showParticleSystems":true},"in2DMode":false,"pivot":{"x":283.31427001953127,"y":159.47943115234376,"z":-0.0033926963806152345},"rotation":{"x":0.0011915815994143487,"y":-0.003616415662690997,"z":-0.00005799581776955165,"w":-1.0000395774841309},"size":2.300373077392578,"orthographic":false}