{"cameraMode":{"drawMode":0,"name":"Shaded","section":"Shading Mode"},"sceneLighting":false,"audioPlay":false,"sceneViewState":{"showFog":true,"showMaterialUpdate":false,"showSkybox":true,"showFlares":true,"showImageEffects":true,"showParticleSystems":true},"in2DMode":false,"pivot":{"x":679.9223022460938,"y":443.2261047363281,"z":6.3302001953125},"rotation":{"x":0.04079875349998474,"y":0.0029956737998872997,"z":-0.00013453424617182463,"w":0.9991865158081055},"size":379.3759460449219,"orthographic":false}