{"cameraMode":{"drawMode":0,"name":"Shaded","section":"Shading Mode"},"sceneLighting":false,"audioPlay":false,"sceneViewState":{"showFog":true,"showMaterialUpdate":false,"showSkybox":true,"showFlares":true,"showImageEffects":true,"showParticleSystems":true},"in2DMode":false,"pivot":{"x":537.3137817382813,"y":22.992202758789064,"z":1465.763427734375},"rotation":{"x":-0.031804159283638,"y":-0.0039042020216584207,"z":0.0002141893928637728,"w":-0.999523401260376},"size":1147.2296142578125,"orthographic":false}