{"cameraMode":{"drawMode":0,"name":"Shaded","section":"Shading Mode"},"sceneLighting":false,"audioPlay":false,"sceneViewState":{"showFog":true,"showMaterialUpdate":false,"showSkybox":true,"showFlares":true,"showImageEffects":true,"showParticleSystems":true},"in2DMode":false,"pivot":{"x":-0.3184034824371338,"y":-0.03892150893807411,"z":0.1171875},"rotation":{"x":-0.0033064999151974918,"y":0.0248819962143898,"z":-0.00012647034600377083,"w":-0.9997326731681824},"size":5.5302839279174809,"orthographic":false}