{"cameraMode":{"drawMode":0,"name":"Shaded","section":"Shading Mode"},"sceneLighting":false,"audioPlay":false,"sceneViewState":{"showFog":true,"showMaterialUpdate":false,"showSkybox":true,"showFlares":true,"showImageEffects":true,"showParticleSystems":true},"in2DMode":false,"pivot":{"x":-2.6250264644622804,"y":0.25035858154296877,"z":-6.2237348556518559},"rotation":{"x":0.07778210937976837,"y":-0.1062602773308754,"z":0.008377792313694954,"w":0.991313099861145},"size":9.336522102355957,"orthographic":false}