{"cameraMode":{"drawMode":0,"name":"Shaded","section":"Shading Mode"},"sceneLighting":false,"audioPlay":false,"sceneViewState":{"showFog":true,"showMaterialUpdate":false,"showSkybox":true,"showFlares":true,"showImageEffects":true,"showParticleSystems":true},"in2DMode":false,"pivot":{"x":-0.10596112161874771,"y":1.1337943077087403,"z":-0.13870668411254884},"rotation":{"x":0.011691582389175892,"y":-0.0021104111801832916,"z":0.00005415955820353702,"w":-0.9999717473983765},"size":3.979370355606079,"orthographic":false}