{"cameraMode":{"drawMode":0,"name":"Shaded","section":"Shading Mode"},"sceneLighting":false,"audioPlay":false,"sceneViewState":{"showFog":true,"showMaterialUpdate":false,"showSkybox":true,"showFlares":true,"showImageEffects":true,"showParticleSystems":true},"in2DMode":false,"pivot":{"x":432.1346435546875,"y":490.146484375,"z":-3.91400146484375},"rotation":{"x":-0.00007757511048112065,"y":0.9999932646751404,"z":-0.009309160523116589,"w":0.00029540882678702474},"size":635.7103271484375,"orthographic":false}