{"cameraMode":{"drawMode":0,"name":"Shaded","section":"Shading Mode"},"sceneLighting":false,"audioPlay":false,"sceneViewState":{"showFog":true,"showMaterialUpdate":false,"showSkybox":true,"showFlares":true,"showImageEffects":true,"showParticleSystems":true},"in2DMode":false,"pivot":{"x":502.61273193359377,"y":227.28256225585938,"z":-22.084228515625},"rotation":{"x":-0.04744855314493179,"y":0.09723643213510513,"z":0.004628107883036137,"w":0.9941427707672119},"size":496.2913818359375,"orthographic":false}