{"cameraMode":{"drawMode":0,"name":"Shaded","section":"Shading Mode"},"sceneLighting":false,"audioPlay":false,"sceneViewState":{"showFog":true,"showMaterialUpdate":false,"showSkybox":true,"showFlares":true,"showImageEffects":true,"showParticleSystems":true},"in2DMode":false,"pivot":{"x":-392.8481140136719,"y":-307.8121337890625,"z":166.7888641357422},"rotation":{"x":0.14190098643302918,"y":0.28658297657966616,"z":-0.04296780750155449,"w":0.946532666683197},"size":4.032474994659424,"orthographic":false}