{"cameraMode":{"drawMode":0,"name":"Shaded","section":"Shading Mode"},"sceneLighting":false,"audioPlay":false,"sceneViewState":{"showFog":true,"showMaterialUpdate":false,"showSkybox":true,"showFlares":true,"showImageEffects":true,"showParticleSystems":true},"in2DMode":false,"pivot":{"x":-1.210635781288147,"y":0.5945039987564087,"z":0.08618831634521485},"rotation":{"x":-0.03480200096964836,"y":-0.006603337824344635,"z":0.00030556958517991006,"w":-0.9994156360626221},"size":2.321105480194092,"orthographic":false}