{"cameraMode":{"drawMode":0,"name":"Shaded","section":"Shading Mode"},"sceneLighting":false,"audioPlay":false,"sceneViewState":{"showFog":true,"showMaterialUpdate":false,"showSkybox":false,"showFlares":true,"showImageEffects":true,"showParticleSystems":true},"in2DMode":false,"pivot":{"x":26.395078659057618,"y":503.7890319824219,"z":0.7267684936523438},"rotation":{"x":-0.001194481854327023,"y":-0.015601634047925473,"z":0.00011126240860903636,"w":0.9999426603317261},"size":121.43773651123047,"orthographic":false}