{"cameraMode":{"drawMode":0,"name":"Shaded","section":"Shading Mode"},"sceneLighting":false,"audioPlay":false,"sceneViewState":{"showFog":true,"showMaterialUpdate":false,"showSkybox":true,"showFlares":true,"showImageEffects":true,"showParticleSystems":true},"in2DMode":false,"pivot":{"x":1.9288005828857422,"y":0.249983549118042,"z":-4.843414306640625},"rotation":{"x":0.07778210937976837,"y":-0.1062602773308754,"z":0.008377792313694954,"w":0.991313099861145},"size":7.381324291229248,"orthographic":false}