{"cameraMode":{"drawMode":0,"name":"Shaded","section":"Shading Mode"},"sceneLighting":false,"audioPlay":false,"sceneViewState":{"showFog":true,"showMaterialUpdate":false,"showSkybox":true,"showFlares":true,"showImageEffects":true,"showParticleSystems":true},"in2DMode":false,"pivot":{"x":2.5115408897399904,"y":0.20387223362922669,"z":0.3289957046508789},"rotation":{"x":0.00417981157079339,"y":0.05785975977778435,"z":0.00032013640156947076,"w":-0.9983583092689514},"size":12.284967422485352,"orthographic":false}