{"cameraMode":{"drawMode":0,"name":"Shaded","section":"Shading Mode"},"sceneLighting":false,"audioPlay":false,"sceneViewState":{"showFog":true,"showMaterialUpdate":false,"showSkybox":true,"showFlares":true,"showImageEffects":true,"showParticleSystems":true},"in2DMode":false,"pivot":{"x":-0.11134932935237885,"y":-0.18297544121742249,"z":-0.1315140724182129},"rotation":{"x":0.008689835667610169,"y":-0.017115166410803796,"z":-0.00020234113617334515,"w":-0.9998624324798584},"size":2.1467320919036867,"orthographic":false}