{"cameraMode":{"drawMode":0,"name":"Shaded","section":"Shading Mode"},"sceneLighting":true,"audioPlay":false,"sceneViewState":{"showFog":true,"showMaterialUpdate":false,"showSkybox":true,"showFlares":true,"showImageEffects":true,"showParticleSystems":true},"in2DMode":false,"pivot":{"x":-0.3941899538040161,"y":0.3499999940395355,"z":0.5083106756210327},"rotation":{"x":-0.3659129738807678,"y":0.05554509162902832,"z":-0.02187924273312092,"w":-0.9287495613098145},"size":2.107405185699463,"orthographic":false}