{"cameraMode":{"drawMode":0,"name":"Shaded","section":"Shading Mode"},"sceneLighting":false,"audioPlay":false,"sceneViewState":{"showFog":true,"showMaterialUpdate":false,"showSkybox":true,"showFlares":true,"showImageEffects":true,"showParticleSystems":true},"in2DMode":false,"pivot":{"x":0.01630544662475586,"y":1.5387170314788819,"z":0.0450444221496582},"rotation":{"x":0.11357658356428147,"y":-0.3205738067626953,"z":0.03881055489182472,"w":0.939649760723114},"size":6.986758708953857,"orthographic":false}