{"cameraMode":{"drawMode":0,"name":"Shaded","section":"Shading Mode"},"sceneLighting":false,"audioPlay":false,"sceneViewState":{"showFog":true,"showMaterialUpdate":false,"showSkybox":true,"showFlares":true,"showImageEffects":true,"showParticleSystems":true},"in2DMode":false,"pivot":{"x":-1.205150842666626,"y":0.25,"z":-3.8120670318603517},"rotation":{"x":0.11598861217498779,"y":-0.20436368882656098,"z":0.02443852834403515,"w":0.9717515707015991},"size":6.8812127113342289,"orthographic":false}