{"cameraMode":{"drawMode":0,"name":"Shaded","section":"Shading Mode"},"sceneLighting":false,"audioPlay":false,"sceneViewState":{"showFog":true,"showMaterialUpdate":false,"showSkybox":true,"showFlares":true,"showImageEffects":true,"showParticleSystems":true},"in2DMode":false,"pivot":{"x":0.2969970703125,"y":-2.191986083984375,"z":0.6909999847412109},"rotation":{"x":0.07695493847131729,"y":-0.4953661262989044,"z":0.044098399579524997,"w":0.8641662001609802},"size":8.67781925201416,"orthographic":false}