{"cameraMode":{"drawMode":0,"name":"Shaded","section":"Shading Mode"},"sceneLighting":false,"audioPlay":false,"sceneViewState":{"showFog":true,"showMaterialUpdate":false,"showSkybox":true,"showFlares":true,"showImageEffects":true,"showParticleSystems":true},"in2DMode":false,"pivot":{"x":-375.896240234375,"y":-300.29974365234377,"z":165.02000427246095},"rotation":{"x":0.04079875349998474,"y":0.0029956737998872997,"z":-0.00013453424617182463,"w":0.9991865158081055},"size":4.245556831359863,"orthographic":false}