{"cameraMode":{"drawMode":0,"name":"Shaded","section":"Shading Mode"},"sceneLighting":true,"audioPlay":false,"sceneViewState":{"showFog":true,"showMaterialUpdate":false,"showSkybox":true,"showFlares":true,"showImageEffects":true,"showParticleSystems":true},"in2DMode":false,"pivot":{"x":5.440690040588379,"y":3.784986972808838,"z":-3.1326770782470705},"rotation":{"x":-0.16234086453914643,"y":0.09396269917488098,"z":-0.015555252321064473,"w":-0.9821760058403015},"size":15.117400169372559,"orthographic":false}