{"cameraMode":{"drawMode":0,"name":"Shaded","section":"Shading Mode"},"sceneLighting":false,"audioPlay":false,"sceneViewState":{"showFog":true,"showMaterialUpdate":false,"showSkybox":false,"showFlares":true,"showImageEffects":true,"showParticleSystems":true},"in2DMode":false,"pivot":{"x":2.3422205448150636,"y":317.42742919921877,"z":0.07813763618469238},"rotation":{"x":0.02580668032169342,"y":0.0029942512046545746,"z":-0.00007735035615041852,"w":0.9996632933616638},"size":2.331468343734741,"orthographic":false}