{"cameraMode":{"drawMode":0,"name":"Shaded","section":"Shading Mode"},"sceneLighting":false,"audioPlay":false,"sceneViewState":{"showFog":true,"showMaterialUpdate":false,"showSkybox":true,"showFlares":true,"showImageEffects":true,"showParticleSystems":true},"in2DMode":false,"pivot":{"x":382.1531066894531,"y":215.06802368164063,"z":-0.2783069610595703},"rotation":{"x":-0.0033064999151974918,"y":0.0248819962143898,"z":-0.00012647034600377083,"w":-0.9997326731681824},"size":3.229288101196289,"orthographic":false}