{"cameraMode":{"drawMode":0,"name":"Shaded","section":"Shading Mode"},"sceneLighting":false,"audioPlay":false,"sceneViewState":{"showFog":true,"showMaterialUpdate":false,"showSkybox":true,"showFlares":true,"showImageEffects":true,"showParticleSystems":true},"in2DMode":false,"pivot":{"x":0.9997406005859375,"y":518.000244140625,"z":0.0},"rotation":{"x":-0.008688287809491158,"y":-0.022499075159430505,"z":-0.00020784321532119066,"w":0.9997327923774719},"size":1.4147422313690186,"orthographic":false}