{"cameraMode":{"drawMode":0,"name":"Shaded","section":"Shading Mode"},"sceneLighting":false,"audioPlay":false,"sceneViewState":{"showFog":true,"showMaterialUpdate":false,"showSkybox":true,"showFlares":true,"showImageEffects":true,"showParticleSystems":true},"in2DMode":false,"pivot":{"x":0.442815899848938,"y":0.5380443334579468,"z":-1.162909746170044},"rotation":{"x":0.03779452294111252,"y":0.01798512600362301,"z":-0.0007136489730328321,"w":0.9991527199745178},"size":3.507772207260132,"orthographic":false}