{"cameraMode":{"drawMode":0,"name":"Shaded","section":"Shading Mode"},"sceneLighting":true,"audioPlay":false,"sceneViewState":{"showFog":true,"showMaterialUpdate":false,"showSkybox":true,"showFlares":true,"showImageEffects":true,"showParticleSystems":true},"in2DMode":false,"pivot":{"x":-0.18767660856246949,"y":0.20944130420684815,"z":0.31893372535705569},"rotation":{"x":-0.25424376130104067,"y":0.0938044860959053,"z":-0.02489287778735161,"w":-0.962319016456604},"size":3.2314646244049074,"orthographic":false}