{"cameraMode":{"drawMode":0,"name":"Shaded","section":"Shading Mode"},"sceneLighting":false,"audioPlay":false,"sceneViewState":{"showFog":true,"showMaterialUpdate":false,"showSkybox":true,"showFlares":true,"showImageEffects":true,"showParticleSystems":true},"in2DMode":false,"pivot":{"x":-0.3075171113014221,"y":0.7003339529037476,"z":0.13285064697265626},"rotation":{"x":-0.016808005049824716,"y":0.005382366478443146,"z":-0.00013447929813992232,"w":-0.9998917579650879},"size":2.5336239337921144,"orthographic":false}