{"cameraMode":{"drawMode":0,"name":"Shaded","section":"Shading Mode"},"sceneLighting":false,"audioPlay":false,"sceneViewState":{"showFog":true,"showMaterialUpdate":false,"showSkybox":true,"showFlares":true,"showImageEffects":true,"showParticleSystems":true},"in2DMode":false,"pivot":{"x":581.5316162109375,"y":248.3049774169922,"z":-2.6787109375},"rotation":{"x":-0.02067864127457142,"y":-0.0314885713160038,"z":-0.0006857444532215595,"w":0.9993195533752441},"size":622.437744140625,"orthographic":false}