{"cameraMode":{"drawMode":0,"name":"Shaded","section":"Shading Mode"},"sceneLighting":false,"audioPlay":false,"sceneViewState":{"showFog":true,"showMaterialUpdate":false,"showSkybox":true,"showFlares":true,"showImageEffects":true,"showParticleSystems":true},"in2DMode":false,"pivot":{"x":-0.42840576171875,"y":0.57037353515625,"z":-0.4593977928161621},"rotation":{"x":0.03988552838563919,"y":-0.5980694890022278,"z":0.02980240434408188,"w":0.7999200224876404},"size":5.833620071411133,"orthographic":false}