{"cameraMode":{"drawMode":0,"name":"Shaded","section":"Shading Mode"},"sceneLighting":false,"audioPlay":false,"sceneViewState":{"showFog":true,"showMaterialUpdate":false,"showSkybox":true,"showFlares":true,"showImageEffects":true,"showParticleSystems":true},"in2DMode":false,"pivot":{"x":0.2819969952106476,"y":0.4489671587944031,"z":-0.02544116973876953},"rotation":{"x":-0.0078092520125210289,"y":0.0023911050520837309,"z":0.00005921478441450745,"w":-1.0000090599060059},"size":3.7047345638275148,"orthographic":false}