{"cameraMode":{"drawMode":0,"name":"Shaded","section":"Shading Mode"},"sceneLighting":false,"audioPlay":false,"sceneViewState":{"showFog":true,"showMaterialUpdate":false,"showSkybox":false,"showFlares":true,"showImageEffects":true,"showParticleSystems":true},"in2DMode":false,"pivot":{"x":175.05050659179688,"y":231.92819213867188,"z":-0.258026123046875},"rotation":{"x":-0.010808349587023259,"y":-0.006608780939131975,"z":0.0001459806808270514,"w":-0.9999638795852661},"size":225.3943328857422,"orthographic":false}