{"cameraMode":{"drawMode":0,"name":"Shaded","section":"Shading Mode"},"sceneLighting":false,"audioPlay":false,"sceneViewState":{"showFog":true,"showMaterialUpdate":false,"showSkybox":true,"showFlares":true,"showImageEffects":true,"showParticleSystems":true},"in2DMode":false,"pivot":{"x":0.1591416895389557,"y":0.8429847955703735,"z":-1.1543974876403809},"rotation":{"x":-0.005688795819878578,"y":-0.022498497739434243,"z":-0.00016146228881552815,"w":0.9997597932815552},"size":3.507772207260132,"orthographic":false}