{"cameraMode":{"drawMode":0,"name":"Shaded","section":"Shading Mode"},"sceneLighting":false,"audioPlay":false,"sceneViewState":{"showFog":true,"showMaterialUpdate":false,"showSkybox":false,"showFlares":true,"showImageEffects":true,"showParticleSystems":true},"in2DMode":false,"pivot":{"x":0.0,"y":0.13992208242416383,"z":-0.029285907745361329},"rotation":{"x":0.237337127327919,"y":-0.05388171225786209,"z":0.013185865245759488,"w":0.9698433876037598},"size":0.49338915944099429,"orthographic":false}