{"cameraMode":{"drawMode":0,"name":"Shaded","section":"Shading Mode"},"sceneLighting":false,"audioPlay":false,"sceneViewState":{"showFog":true,"showMaterialUpdate":false,"showSkybox":true,"showFlares":true,"showImageEffects":true,"showParticleSystems":true},"in2DMode":false,"pivot":{"x":1.82244074344635,"y":-0.3068680465221405,"z":-0.0926971435546875},"rotation":{"x":-0.013807529583573342,"y":0.008382439613342286,"z":-0.00016961478104349226,"w":-0.9999160766601563},"size":8.605762481689454,"orthographic":false}