{"cameraMode":{"drawMode":0,"name":"Shaded","section":"Shading Mode"},"sceneLighting":false,"audioPlay":false,"sceneViewState":{"showFog":true,"showMaterialUpdate":false,"showSkybox":true,"showFlares":true,"showImageEffects":true,"showParticleSystems":true},"in2DMode":false,"pivot":{"x":-0.000274658203125,"y":0.00025177001953125,"z":0.0},"rotation":{"x":0.10060704499483109,"y":0.025362856686115266,"z":-0.002657911041751504,"w":0.9946361184120178},"size":6.5517168045043949,"orthographic":false}