{"cameraMode":{"drawMode":0,"name":"Shaded","section":"Shading Mode"},"sceneLighting":false,"audioPlay":false,"sceneViewState":{"showFog":true,"showMaterialUpdate":false,"showSkybox":true,"showFlares":true,"showImageEffects":true,"showParticleSystems":true},"in2DMode":false,"pivot":{"x":1.6217455863952637,"y":419.5049743652344,"z":0.005150318145751953},"rotation":{"x":0.0011915815994143487,"y":-0.003616415662690997,"z":-0.00005799581776955165,"w":-1.0000395774841309},"size":1.7777493000030518,"orthographic":false}