{"cameraMode":{"drawMode":0,"name":"Shaded","section":"Shading Mode"},"sceneLighting":false,"audioPlay":false,"sceneViewState":{"showFog":true,"showMaterialUpdate":false,"showSkybox":true,"showFlares":true,"showImageEffects":true,"showParticleSystems":true},"in2DMode":false,"pivot":{"x":516.7257080078125,"y":290.76727294921877,"z":0.02554035186767578},"rotation":{"x":-0.0018091457895934582,"y":0.0038905565161257984,"z":0.00006786794256186113,"w":-1.000034213066101},"size":3.450644016265869,"orthographic":false}