{"cameraMode":{"drawMode":0,"name":"Shaded","section":"Shading Mode"},"sceneLighting":false,"audioPlay":false,"sceneViewState":{"showFog":true,"showMaterialUpdate":false,"showSkybox":true,"showFlares":true,"showImageEffects":true,"showParticleSystems":true},"in2DMode":false,"pivot":{"x":-1.038257122039795,"y":2.059784412384033,"z":0.09523463249206543},"rotation":{"x":-0.0033064999151974918,"y":0.0248819962143898,"z":-0.00012647034600377083,"w":-0.9997326731681824},"size":3.5100574493408205,"orthographic":false}