{"cameraMode":{"drawMode":0,"name":"Shaded","section":"Shading Mode"},"sceneLighting":true,"audioPlay":false,"sceneViewState":{"showFog":true,"showMaterialUpdate":false,"showSkybox":true,"showFlares":true,"showImageEffects":true,"showParticleSystems":true},"in2DMode":false,"pivot":{"x":226.29714965820313,"y":93.9141845703125,"z":-23.97979736328125},"rotation":{"x":0.16751152276992799,"y":0.00738926837220788,"z":-0.0012556181754916907,"w":0.9858421683311462},"size":466.4575500488281,"orthographic":false}