{"cameraMode":{"drawMode":0,"name":"Shaded","section":"Shading Mode"},"sceneLighting":false,"audioPlay":false,"sceneViewState":{"showFog":true,"showMaterialUpdate":false,"showSkybox":true,"showFlares":true,"showImageEffects":true,"showParticleSystems":true},"in2DMode":false,"pivot":{"x":0.6939280033111572,"y":0.4153277277946472,"z":0.32566261291503909},"rotation":{"x":-0.010808847844600678,"y":-0.0036166042555123569,"z":-0.000005453184257930843,"w":-0.9999805092811585},"size":5.376209735870361,"orthographic":false}