{"cameraMode":{"drawMode":0,"name":"Shaded","section":"Shading Mode"},"sceneLighting":false,"audioPlay":false,"sceneViewState":{"showFog":true,"showMaterialUpdate":false,"showSkybox":true,"showFlares":true,"showImageEffects":true,"showParticleSystems":true},"in2DMode":false,"pivot":{"x":226.99974060058595,"y":130.000244140625,"z":0.0},"rotation":{"x":0.00868886150419712,"y":0.01738884113729,"z":0.00022604632249567658,"w":-0.999854564666748},"size":1.6370348930358887,"orthographic":false}