{"cameraMode":{"drawMode":0,"name":"Shaded","section":"Shading Mode"},"sceneLighting":true,"audioPlay":false,"sceneViewState":{"showFog":true,"showMaterialUpdate":false,"showSkybox":true,"showFlares":true,"showImageEffects":true,"showParticleSystems":true},"in2DMode":false,"pivot":{"x":0.08344365656375885,"y":0.18805265426635743,"z":0.016391277313232423},"rotation":{"x":0.10661069303750992,"y":0.0038839790504425766,"z":-0.0003346712910570204,"w":0.9943569302558899},"size":7.619849681854248,"orthographic":false}