{"cameraMode":{"drawMode":0,"name":"Shaded","section":"Shading Mode"},"sceneLighting":false,"audioPlay":false,"sceneViewState":{"showFog":true,"showMaterialUpdate":false,"showSkybox":true,"showFlares":true,"showImageEffects":true,"showParticleSystems":true},"in2DMode":false,"pivot":{"x":-373.0212707519531,"y":-300.29974365234377,"z":165.02000427246095},"rotation":{"x":0.09839336574077606,"y":-0.12357686460018158,"z":0.012222143821418286,"w":0.9874061346054077},"size":18.451974868774415,"orthographic":false}