{"cameraMode":{"drawMode":0,"name":"Shaded","section":"Shading Mode"},"sceneLighting":false,"audioPlay":false,"sceneViewState":{"showFog":true,"showMaterialUpdate":false,"showSkybox":true,"showFlares":true,"showImageEffects":true,"showParticleSystems":true},"in2DMode":false,"pivot":{"x":1.0367794036865235,"y":1.326875925064087,"z":-0.060732364654541019},"rotation":{"x":-0.013807529583573342,"y":0.008382439613342286,"z":-0.00016961478104349226,"w":-0.9999160766601563},"size":8.00199031829834,"orthographic":false}