{"cameraMode":{"drawMode":0,"name":"Shaded","section":"Shading Mode"},"sceneLighting":false,"audioPlay":false,"sceneViewState":{"showFog":true,"showMaterialUpdate":false,"showSkybox":false,"showFlares":true,"showImageEffects":true,"showParticleSystems":true},"in2DMode":false,"pivot":{"x":-0.0007355213165283203,"y":0.1249852180480957,"z":0.0},"rotation":{"x":0.16751152276992799,"y":0.00738926837220788,"z":-0.0012556181754916907,"w":0.9858421683311462},"size":2.9186935424804689,"orthographic":false}