{"cameraMode":{"drawMode":0,"name":"Shaded","section":"Shading Mode"},"sceneLighting":true,"audioPlay":false,"sceneViewState":{"showFog":true,"showMaterialUpdate":false,"showSkybox":true,"showFlares":true,"showImageEffects":true,"showParticleSystems":true},"in2DMode":false,"pivot":{"x":454.3868408203125,"y":186.00003051757813,"z":-0.4541015625},"rotation":{"x":0.11106763780117035,"y":-0.014911492355167866,"z":0.0016664001159369946,"w":0.9937019348144531},"size":432.64056396484377,"orthographic":false}