{"cameraMode":{"drawMode":0,"name":"Shaded","section":"Shading Mode"},"sceneLighting":false,"audioPlay":false,"sceneViewState":{"showFog":true,"showMaterialUpdate":false,"showSkybox":true,"showFlares":true,"showImageEffects":true,"showParticleSystems":true},"in2DMode":false,"pivot":{"x":23.86199951171875,"y":6.811114311218262,"z":-6.326264381408691},"rotation":{"x":-0.007216352503746748,"y":-0.748039186000824,"z":0.008046964183449746,"w":-0.6636356115341187},"size":18.44993019104004,"orthographic":false}