{"cameraMode":{"drawMode":0,"name":"Shaded","section":"Shading Mode"},"sceneLighting":true,"audioPlay":false,"sceneViewState":{"showFog":true,"showMaterialUpdate":false,"showSkybox":true,"showFlares":true,"showImageEffects":true,"showParticleSystems":true},"in2DMode":false,"pivot":{"x":257.29681396484377,"y":236.7599334716797,"z":33.30615234375},"rotation":{"x":0.04677920788526535,"y":0.02396661788225174,"z":-0.0011231524404138327,"w":0.998619556427002},"size":603.3091430664063,"orthographic":false}