{"cameraMode":{"drawMode":0,"name":"Shaded","section":"Shading Mode"},"sceneLighting":false,"audioPlay":false,"sceneViewState":{"showFog":true,"showMaterialUpdate":false,"showSkybox":true,"showFlares":true,"showImageEffects":true,"showParticleSystems":true},"in2DMode":false,"pivot":{"x":0.055576518177986148,"y":-0.04980196803808212,"z":0.05377960205078125},"rotation":{"x":-0.0078092520125210289,"y":0.0023911050520837309,"z":0.00005921478441450745,"w":-1.0000090599060059},"size":5.43333101272583,"orthographic":false}