{"cameraMode":{"drawMode":0,"name":"Shaded","section":"Shading Mode"},"sceneLighting":false,"audioPlay":false,"sceneViewState":{"showFog":true,"showMaterialUpdate":false,"showSkybox":false,"showFlares":true,"showImageEffects":true,"showParticleSystems":true,"showVisualEffectGraphs":true,"m_FxEnabled":true},"in2DMode":false,"pivot":{"x":-0.024743199348449708,"y":-0.03496462106704712,"z":0.05366861820220947},"rotation":{"x":-0.37839505076408389,"y":0.30438557267189028,"z":-0.13331642746925355,"w":-0.8639658689498901},"size":0.4225025773048401,"orthographic":false}