{"cameraMode":{"drawMode":0,"name":"Shaded","section":"Shading Mode"},"sceneLighting":false,"audioPlay":false,"sceneViewState":{"m_AlwaysRefresh":false,"showFog":true,"showSkybox":false,"showFlares":true,"showImageEffects":true,"showParticleSystems":true,"showVisualEffectGraphs":true,"m_FxEnabled":true},"in2DMode":false,"pivot":{"x":453.2247314453125,"y":150.43490600585938,"z":785.374755859375},"rotation":{"x":-0.04316640645265579,"y":-0.037159744650125507,"z":0.0016069257399067283,"w":-0.9983780980110169},"size":600.8160400390625,"orthographic":false}